{"cameraMode":{"drawMode":0,"name":"Shaded","section":"Shading Mode"},"sceneLighting":false,"audioPlay":false,"sceneViewState":{"showFog":true,"showMaterialUpdate":false,"showSkybox":false,"showFlares":true,"showImageEffects":true,"showParticleSystems":true},"in2DMode":false,"pivot":{"x":559.4769287109375,"y":363.8935546875,"z":18.957763671875},"rotation":{"x":0.0927078053355217,"y":-0.058214765042066577,"z":0.005432372912764549,"w":0.993982195854187},"size":14.74094295501709,"orthographic":false}