{"cameraMode":{"drawMode":0,"name":"Shaded","section":"Shading Mode"},"sceneLighting":true,"audioPlay":false,"sceneViewState":{"showFog":true,"showMaterialUpdate":false,"showSkybox":true,"showFlares":true,"showImageEffects":true,"showParticleSystems":true},"in2DMode":false,"pivot":{"x":-2.4056434631347658,"y":2.645221471786499,"z":-16.537092208862306},"rotation":{"x":-0.043638650327920917,"y":-0.08471931517124176,"z":0.003713122336193919,"w":-0.9954441785812378},"size":1.4634807109832764,"orthographic":false}