{"cameraMode":{"drawMode":0,"name":"Shaded","section":"Shading Mode"},"sceneLighting":false,"audioPlay":false,"sceneViewState":{"showFog":true,"showMaterialUpdate":false,"showSkybox":false,"showFlares":true,"showImageEffects":true,"showParticleSystems":true},"in2DMode":false,"pivot":{"x":-0.45926225185394289,"y":3.822544574737549,"z":-0.1704488843679428},"rotation":{"x":0.04028375819325447,"y":-0.15820451080799104,"z":0.006459593772888184,"w":0.9865700006484985},"size":1.5514814853668213,"orthographic":false}